Stock,Signals today,Rank,Exp/DAY%,RS%,Trades,Win%,Target #,Target %,Trail #,Trail %,Stop #,Stop %,Time #,Time %,Time-win,Time-loss,Expectancy%,Avg win%,Avg loss%,Avg days,BT from,BT to,Years,Remark,Loss %,Reward Risk,Profit Factor,Trades / Year,Annual Expectancy,Winning Exit %,Losing Exit %,Target Efficiency,Trail Efficiency,Stop Efficiency,Time Efficiency,Holding Efficiency,Profit Velocity,Signal Density,Trade Frequency,Exit Quality,Trading Style,Confidence Score,Risk Score,Opportunity Score,Consistency Score,Composite Score,Overall Rating,Recommendation,Institution Rank,Quality Flag,Exit Dominance,Risk Category
ADANIENT,True,6.39,0.09,42.3,708,49.3,262,37.0,0,0,340,48.0,106,15.0,87,19,1.14,9.52,-7.0,12.7,2015-09-18,2026-07-13,10.8,,50.7,,,65.56,74.74,124.0,67.0,37.01,0.0,48.02,14.97,0.09,63.72,0.001,0.26,Positive,Position,89.82,58.79,,,,Poor,REJECT,1,PASS,Stop,High Risk
PERSISTENT,False,4.57,0.145,-11.34,542,53.5,216,39.9,0,0,225,41.5,101,18.6,74,27,2.19,9.54,-6.26,15.1,2015-09-18,2026-07-13,10.8,,46.5,,,50.19,109.92,113.9,68.5,39.85,0.0,41.51,18.63,0.145,78.59,0.0,0.199,Positive,Position,79.58,60.16,,,,Poor,REJECT,2,PASS,Stop,Medium Risk
DIXON,False,20.33,0.242,15.94,508,59.3,241,47.4,0,0,184,36.2,83,16.3,60,23,3.46,10.23,-6.38,14.3,2017-09-18,2026-07-13,8.8,limited history: 8.8y (<10y) - lower confidence,40.7,,,57.73,199.75,107.4,59.2,47.44,0.0,36.22,16.34,0.242,122.94,0.0,0.229,Positive,Position,72.43,71.47,,,,Poor,REJECT,3,PASS,Target,Medium Risk
CUMMINSIND,True,4.71,0.086,5.08,482,49.8,148,30.7,0,0,220,45.6,114,23.7,92,22,1.44,8.61,-5.68,16.7,2015-09-18,2026-07-13,10.8,,50.2,,,44.63,64.27,122.7,67.6,30.71,0.0,45.64,23.65,0.086,41.45,0.002,0.177,Positive,Position,70.92,45.88,,,,Poor,REJECT,4,PASS,Stop,High Risk
BEL,False,0.0,-0.049,-14.17,584,35.3,100,17.1,0,0,329,56.3,155,26.5,106,49,-0.81,8.07,-5.65,16.6,2015-09-18,2026-07-13,10.8,,64.7,,,54.07,-43.8,123.1,105.3,17.12,0.0,56.34,26.54,-0.049,-28.62,0.0,0.215,Positive,Position,70.18,27.41,,,,Poor,REJECT,5,"Low Edge, High Stop Rate",Stop,Very High Risk
HFCL,True,2.25,0.036,137.62,494,44.3,202,40.9,0,0,265,53.6,27,5.5,17,10,0.28,10.71,-8.03,7.6,2015-09-18,2026-07-13,10.8,,55.7,,,45.74,12.81,57.9,63.6,40.89,0.0,53.64,5.47,0.037,17.78,0.002,0.182,Negative,Position,66.91,65.47,,,,Poor,REJECT,6,"Low Edge, High Stop Rate",Stop,Medium Risk
BALRAMCHIN,True,0.0,-0.073,13.28,535,37.8,141,26.4,0,0,289,54.0,105,19.6,61,44,-1.0,8.71,-6.88,13.7,2015-09-18,2026-07-10,10.8,,62.2,,,49.54,-49.54,87.4,98.0,26.36,0.0,54.02,19.63,-0.073,-39.06,0.002,0.197,Negative,Position,64.96,45.98,,,,Poor,REJECT,7,"Low Edge, High Stop Rate",Stop,High Risk
KEC,False,0.0,-0.035,-16.42,489,39.3,144,29.4,0,0,270,55.2,75,15.3,48,27,-0.53,9.18,-6.8,14.9,2015-09-18,2026-07-10,10.8,,60.7,,,45.28,-24.0,77.4,82.2,29.45,0.0,55.21,15.34,-0.036,-17.12,0.0,0.18,Negative,Position,62.91,41.44,,,,Poor,REJECT,8,"Low Edge, High Stop Rate",Stop,High Risk
MOTHERSON,False,0.0,-0.036,10.66,476,39.9,114,23.9,0,0,258,54.2,104,21.8,76,28,-0.56,8.15,-6.34,15.7,2015-09-18,2026-07-13,10.8,,60.1,,,44.07,-24.68,99.9,82.2,23.95,0.0,54.2,21.85,-0.036,-17.14,0.0,0.175,Positive,Position,61.62,38.12,,,,Poor,REJECT,9,"Low Edge, High Stop Rate",Stop,Very High Risk
INDIGO,False,0.0,-0.05,12.18,487,38.0,111,22.8,0,0,281,57.7,95,19.5,74,21,-0.74,8.48,-6.39,14.8,2015-11-10,2026-07-13,10.7,,62.0,,,45.51,-33.68,96.8,78.7,22.79,0.0,57.7,19.51,-0.05,-24.35,0.0,0.181,Positive,Position,61.33,33.89,,,,Poor,REJECT,10,"Low Edge, High Stop Rate",Stop,Very High Risk
CEATLTD,False,0.0,-0.007,0.74,424,39.9,140,33.0,0,0,223,52.6,61,14.4,29,32,-0.1,9.98,-6.78,14.1,2015-09-18,2026-07-13,10.8,,60.1,,,39.26,-3.93,62.0,84.6,33.02,0.0,52.59,14.39,-0.007,-2.97,0.0,0.156,Negative,Position,58.98,46.94,,,,Poor,REJECT,11,"Low Edge, High Stop Rate",Stop,High Risk
CDSL,False,2.97,0.067,1.87,471,44.4,168,35.7,0,0,232,49.3,71,15.1,41,30,0.86,9.9,-6.35,12.9,2017-06-30,2026-07-13,9.0,limited history: 9.0y (<10y) - lower confidence,55.6,,,52.33,45.0,76.7,79.3,35.67,0.0,49.26,15.07,0.067,31.56,0.0,0.208,Negative,Position,58.69,50.85,,,,Poor,REJECT,12,Low Edge,Stop,High Risk
TATAPOWER,False,0.65,0.031,-15.82,362,45.3,122,33.7,0,0,185,51.1,55,15.2,42,13,0.39,8.96,-6.71,12.7,2015-09-18,2026-07-13,10.8,,54.7,,,33.52,13.07,75.7,64.1,33.7,0.0,51.1,15.19,0.031,11.22,0.0,0.133,Positive,Position,55.59,51.06,,,,Poor,REJECT,13,"Low Edge, High Stop Rate",Stop,High Risk
INFY,False,0.94,0.04,-19.64,328,51.2,38,11.6,0,0,119,36.3,171,52.1,130,41,0.84,5.23,-3.78,20.8,2015-09-18,2026-07-13,10.8,,48.8,,,30.37,25.51,141.6,77.3,11.59,0.0,36.28,52.13,0.04,13.12,0.0,0.121,Positive,Position,54.52,39.83,,,,Poor,REJECT,14,Low Edge,Time,Very High Risk
RELIANCE,False,0.31,0.012,-9.01,290,40.0,49,16.9,0,0,143,49.3,98,33.8,67,31,0.21,7.24,-4.47,17.6,2015-09-18,2026-07-13,10.8,,60.0,,,26.85,5.64,83.9,80.3,16.9,0.0,49.31,33.79,0.012,3.48,0.0,0.107,Positive,Position,48.36,28.1,,,,Poor,REJECT,15,Low Edge,Stop,Very High Risk
MARUTI,False,0.08,0.002,0.01,288,43.1,32,11.1,0,0,138,47.9,118,41.0,92,26,0.04,6.26,-4.66,19.1,2015-09-18,2026-07-10,10.8,,56.9,,,26.67,1.07,103.1,73.9,11.11,0.0,47.92,40.97,0.002,0.58,0.0,0.106,Positive,Position,47.44,29.81,,,,Poor,REJECT,16,Low Edge,Stop,Very High Risk
ITC,False,0.58,0.02,-10.84,258,50.8,24,9.3,0,0,102,39.5,132,51.2,107,25,0.41,5.17,-4.5,20.7,2015-09-18,2026-07-13,10.8,,49.2,,,23.89,9.79,116.3,64.5,9.3,0.0,39.53,51.16,0.02,5.16,0.0,0.095,Positive,Position,46.37,40.48,,,,Poor,REJECT,17,Low Edge,Time,High Risk
YESBANK,False,0.0,-0.017,16.89,287,43.2,80,27.9,0,0,144,50.2,63,22.0,44,19,-0.25,8.37,-6.82,14.5,2015-09-18,2026-07-13,10.8,,56.8,,,26.57,-6.64,71.9,69.2,27.87,0.0,50.17,21.95,-0.017,-4.88,0.0,0.105,Positive,Position,46.07,50.79,,,,Poor,REJECT,18,"Low Edge, High Stop Rate",Stop,High Risk
LICHSGFIN,False,0.0,-0.077,-0.41,326,33.7,81,24.8,0,0,194,59.5,51,15.6,29,22,-1.08,8.14,-5.77,14.0,2015-09-18,2026-07-10,10.8,,66.3,,,30.19,-32.61,53.8,81.5,24.85,0.0,59.51,15.64,-0.077,-25.1,0.0,0.12,Negative,Position,45.92,26.85,,,,Poor,REJECT,19,"Low Edge, High Stop Rate",Stop,Very High Risk
IDEA,True,0.0,-0.119,41.94,320,40.0,119,37.2,0,0,173,54.1,28,8.8,9,19,-1.1,10.13,-8.59,9.2,2015-09-18,2026-07-13,10.8,,60.0,,,29.63,-32.59,46.2,73.1,37.19,0.0,54.06,8.75,-0.12,-38.08,0.003,0.118,Negative,Position,45.3,66.85,,,,Poor,REJECT,20,"Low Edge, High Stop Rate",Stop,Medium Risk
HINDUNILVR,False,0.0,-0.018,-6.19,234,47.0,15,6.4,0,0,100,42.7,119,50.9,95,24,-0.37,4.47,-4.67,20.8,2015-09-18,2026-07-13,10.8,,53.0,,,21.67,-8.02,101.4,66.7,6.41,0.0,42.74,50.85,-0.018,-4.21,0.0,0.086,Positive,Position,40.81,36.24,,,,Poor,REJECT,21,Low Edge,Time,Very High Risk
TCS,False,0.0,-0.026,-19.4,190,38.9,28,14.7,0,0,79,41.6,83,43.7,46,37,-0.52,6.34,-4.89,19.9,2015-09-18,2026-07-13,10.8,,61.1,,,17.59,-9.15,60.7,78.6,14.74,0.0,41.58,43.68,-0.026,-4.94,0.0,0.07,Negative,Position,36.21,41.32,,,,Poor,REJECT,22,Low Edge,Time,High Risk
HDFCBANK,False,0.45,0.013,-3.28,149,47.0,18,12.1,0,0,61,40.9,70,47.0,52,18,0.24,5.26,-4.21,18.9,2015-09-18,2026-07-13,10.8,,53.0,,,13.8,3.31,64.1,58.9,12.08,0.0,40.94,46.98,0.013,1.94,0.0,0.055,Positive,Position,35.88,38.39,,,,Poor,REJECT,23,Low Edge,Time,Very High Risk
PAYTM,True,0.84,0.015,15.67,210,42.4,70,33.3,0,0,105,50.0,35,16.7,19,16,0.21,9.25,-6.43,14.1,2021-11-18,2026-07-13,4.6,limited history: 4.6y (<10y) - lower confidence,57.6,,,45.65,9.59,52.3,66.0,33.33,0.0,50.0,16.67,0.015,3.15,0.005,0.181,Negative,Position,11.2,48.5,,,,Poor,REJECT,24,Low Edge,Stop,High Risk
